"","pair1_A","pair1_B","pair2_A","pair2_B"
"1",-0.661849828473498,0.82090779641809,-0.639724859648501,0.733338717456488
"2",1.71895415711955,1.12482133266316,2.37555456789612,-1.60548171056078
"3",2.12166699126529,0.0999241576095509,4.11531011231893,1.257705503592
"4",1.4971536841564,0.0524708166362363,0.146610307404307,1.62595549934681
"5",-0.0361405776159593,-0.289926889085109,-2.4746222437716,1.51237457374723
"6",1.23194517646989,1.1924825401788,-0.772980015723399,2.57282985827676
"7",-0.0648807684665979,0.0449804053666256,3.27171012647207,-1.54580287608272
"8",1.06899373052497,1.9698920612793,-2.20325111096283,-1.62749089792424
"9",-0.376965306212551,0.0832138373952281,0.278009171502505,-0.477280081685273
"10",1.04318309295627,0.510292049679122,-2.60330014086327,2.5754494041593
"11",-0.38282188143091,1.17132563294522,-2.14871913456682,-0.929614828917216
"12",0.299421595843546,0.861454725609686,-1.63242955991898,0.627717141825447
"13",0.6742397579387,0.567063406799514,-1.4458303580883,-3.30089048108322
"14",-0.292816321649745,0.204132828693985,3.3119126317316,-3.81598927111308
"15",0.48805335764044,0.955649949857807,0.546561505537398,1.54198193497485
"16",0.882801824485007,-0.368221856716613,-1.95911637186421,1.33092442674112
"17",1.86274898037692,0.0834711348034414,0.686755990539181,-0.322087372677888
"18",1.61172528817026,1.74399842648951,3.6878732322527,-6.34184572266746
"19",0.13547954117712,-1.34289623934176,4.00773974988483,-1.04697496902728
"20",1.08808601191167,2.18998517118342,0.432029973447306,-2.50347203466828
"21",-1.26681475980749,1.52170434279299,-1.02066764429351,1.24681982991882
"22",-0.198583285482738,1.02691833847043,1.39173271074155,3.62146348185663
"23",0.138865781863574,1.12962907578575,0.198983886998284,0.683854816138866
"24",-0.279336000738752,-0.573081803631347,-0.950398743574483,2.62657735358206
"25",0.708919415485068,2.08751177894332,0.822905630716672,1.17670304722001
"26",-0.766610461152707,2.41153272325672,-2.41657092118922,2.05698074469378
"27",1.44336294746008,0.775731222550288,8.86746694445367,1.16895471739068
"28",0.844879299692181,1.22991884693224,1.81298423450242,2.04945009720669
"29",-0.399370403958264,2.00586548497148,-1.73362470060535,-1.09754108846727
"30",-1.42776758647186,2.7700208682436,2.38668524606284,-0.187157669896897
"31",-1.42199245227034,1.94614465176025,-0.153604386820464,-2.51754234117884
"32",-0.328228291336104,0.996340060190507,-0.792726189803579,2.3412610769965
"33",0.284570073402619,0.285830278802971,2.32647788888566,-0.578111959175617
"34",0.719335881334972,1.99488127676625,1.24896219123614,2.56907902751322
"35",0.432415977426108,1.51694811479616,0.813003445798264,3.29231639122285
"36",-0.351924767868713,2.57028763992814,-0.729213006454356,-1.88468316415077
"37",0.297721428439181,0.960741719344918,-1.9247835972121,1.04419950970655
"38",-0.26143236188958,1.61569819139492,-2.71641051070346,-0.839282683931784
"39",1.30868973123884,0.854083474513356,-1.16816810244137,0.780323047728112
"40",0.0158702644129702,1.43988443755239,2.0682769968085,3.3940620396884
"41",-0.431174367813321,0.543899977539426,-3.1489935248766,-0.872793628717743
"42",0.382446537683282,1.54104942051363,-1.02787321091347,1.25949114385543
"43",0.0411250954540083,1.41119563745002,0.0881467948224366,0.0927818888119833
"44",-0.0592240013779381,2.3070537208466,2.24214077496112,0.696467244185936
"45",-1.29642398431303,1.89359191866487,2.60719537295362,0.316560161924904
"46",-2.13697637687044,0.408494124262595,-1.31615893262999,1.5276452284309
"47",-0.893614685827083,0.868822103869934,-1.92562844282673,2.17645167685371
"48",0.612732874932743,1.16788889963049,0.656040848513224,0.564032798750807
"49",0.582971232012007,3.52734804339241,4.79866690961096,0.371272210033409
"50",-0.00588201272188152,0.995256655654893,2.18140305678324,1.89322092080417
"51",-1.86544872517899,0.627374198674501,-1.38350039076576,-1.35011017604317
"52",1.82998432650991,0.570578900474564,-2.08547691870377,-1.64089038996863
"53",-0.991115899716747,0.668548535958811,1.61173449142107,0.486738856293478
"54",-1.45043462408266,0.98936944050552,-1.00617967581436,1.96083932325819
"55",-0.0148247613038409,0.242909415370316,3.99611388743523,2.08740761640603
"56",0.53663905389376,0.943898021959562,-2.65204212999044,2.33592915295099
"57",-0.811103765769766,0.753220970658526,0.36027519819261,0.733817204962174
"58",-0.318324798180542,0.594712812665469,0.0871660996314418,1.18575610474815
"59",1.11147600478552,1.50048217521053,-1.78295338874613,3.15718846335412
"60",-0.141744714348825,0.533417887504871,0.341218473706246,0.633409823645042
"61",-0.205378953164696,0.742966140419673,1.79568756752691,-2.07373982757988
"62",-0.680795796147302,0.640946778909463,-1.43859441571551,1.2770469097538
"63",-0.0429917420931776,1.45957840414473,-3.07966953139256,2.29391140823107
"64",-1.1615526076683,0.372566679826787,2.61894551567725,0.154273400060939
"65",-0.772692171150084,1.9656801863834,-0.0810916263602548,0.56331230549048
"66",-0.918739131830315,0.873055161857994,4.99776528279453,-1.45607339917647
"67",0.0891531750401816,1.16101673495525,1.19142464156263,-0.281059168798249
"68",-0.757539130642794,1.94572814946247,3.90749124955524,2.08517007081007
"69",1.74808117818893,2.17080208539983,3.60808184662245,3.42976084568618
"70",0.170460702263585,1.21713084863729,-0.9211158488813,0.874518358142052
"71",0.825531127801195,-0.699650083443071,-0.137249321867221,1.8317900305789
"72",-0.0171559147599199,0.397004589180383,3.97828419098513,0.213107691910232
"73",0.492221664442058,1.39580411351279,-0.00947270494358654,1.16948005563526
"74",0.355488970383817,3.1391774953937,0.967657390020186,1.50758998987173
"75",0.112576701571214,0.302840691178304,-1.08414535546577,-0.824076871549615
"76",1.13702931868364,0.554404258534291,-2.12874347045642,0.816207069580133
"77",-0.566944843362714,1.39363671862628,-1.76288072751633,-3.30213452652706
"78",0.552616243578724,2.00508830802319,0.697161455682192,-0.0700014937912059
"79",-0.0125017297106264,0.835059226781814,2.49927935703802,-2.04432610029513
"80",-0.571210608785442,2.10306660750257,-0.866221384212623,2.4203351171766
"81",-0.684277141590867,0.900380526251248,0.369834226641436,0.596851819817491
"82",1.16930921649195,1.43090709279732,0.193963362511782,2.44794570655696
"83",0.369468673731306,2.42060892134482,2.12910680321229,-0.183094646857066
"84",-0.510734920983448,0.93891900521664,-3.08645684791065,0.197464261962748
"85",-0.631544835814818,2.07011105519377,0.0706378148821891,1.58445138692092
"86",1.71327796192588,-0.0390436479677314,2.9777871281014,0.771717724369927
"87",-0.223003222063018,3.08322228124804,-1.85949049999223,1.92497848615335
"88",-0.958897272967613,-1.06050310579084,-0.136162640173269,-1.13114901633052
"89",0.0377452423019628,1.58636290367411,-3.74341085974908,-5.84090271115368
"90",-1.64150624212811,1.31924072568017,-2.61913047152998,-2.84980006095067
"91",0.789993246458722,1.54081411820959,-0.0690858945869282,1.48156257097728
"92",-1.05713037140981,0.132069528146169,2.22593558458067,-0.00546813775009203
"93",-1.02892535930653,0.479667874603024,-1.95663459799303,1.7380717711718
"94",1.1009297665633,1.48677142468062,1.29813122115873,-1.88351039690297
"95",-0.613909979895463,0.279274148197302,-1.09864293520016,-1.02919298465746
"96",-0.345882413875525,1.84581477262578,-1.66117012419866,-1.77441071849949
"97",0.0859901181764073,0.726248991182627,-1.90874339013125,-1.33055396045874
"98",-0.649316293424626,0.538238378508496,0.433191524583315,0.675355075478301
"99",0.305962790761517,1.38006170128449,-1.71417802344027,0.947525578439188
"100",-0.771453283279186,0.519031080722906,2.07678849425845,1.24523561243262
"101",1.69129221918258,2.27668625788187,-2.39746838676966,-1.58582214606582
"102",0.658687215210973,0.152566525709059,-1.83872250357993,0.841011532794444
"103",-0.0549994457941856,0.196172521353653,-3.94881886027982,2.47265480139693
"104",-2.32788104622641,2.21520331182043,2.97166064989321,-0.229809550170775
"105",0.132268129389197,-0.476923037120003,-3.45387016788694,2.191257617633
"106",-0.283350900553499,-0.0502043344774086,2.40721291174079,0.0838239244167294
"107",2.40700344467982,0.531621378044511,-2.29248419708391,1.98640825236639
"108",-0.500426789463721,-0.980294668334096,-2.24466464029914,1.40708085850676
"109",0.471837002406825,0.913262220529618,3.58184779115842,-4.09321908204333
"110",-0.814015175163985,1.59633137880365,-2.34727230543705,-1.53454579562409
"111",1.39436162113392,0.978728511542744,-2.2789490931445,-2.28543256482703
"112",-2.08883962900212,2.04987856387479,-2.54378543226666,-1.63835108466373
"113",1.21394040080865,0.526014661722992,-2.65225311196741,0.165438703404617
"114",-0.00328727166738113,1.47337307389596,0.688472204595939,0.126350844377644
"115",1.27796276008593,-0.042293827375272,0.924773582660055,0.397237599508283
"116",1.90556881414652,1.59139060698132,-1.36508314958696,-2.6260752191395
"117",-1.00080594411261,1.16235294523747,1.75432646082019,2.06437309196277
"118",0.156829249081789,0.332363114124747,-2.15996196726115,0.766625351558749
"119",-0.878567303843669,2.41250766317111,1.49248580967407,1.0991325483671
"120",0.0165650397660922,1.77762895500953,-1.3900003170161,-1.00869000717903
"121",-0.544639001489237,1.5538796592643,-1.47737624013957,-2.00270787449589
"122",-0.496540039609298,1.9992583494489,3.26383706232333,2.75448156442081
"123",-1.61835766059691,2.48547398765184,2.83164994584943,0.523501716836311
"124",-0.0631398286177196,2.94954354892184,3.71592267343951,0.382169687923979
"125",1.67324453763039,0.380202851300772,3.9957068306866,-2.25689974271175
"126",-0.963425806305826,0.0610007847606198,0.0520235912203539,2.08370171889829
"127",-0.424012247523378,1.84369020295075,1.61900494611682,3.02375801591203
"128",0.674346506975798,0.440746039760919,6.41665535601409,1.81810152414403
"129",-0.380784749177763,-1.22959390458403,1.56465824882149,1.91568151846666
"130",0.907413912634319,1.1111680912133,-2.21057270901817,-1.81760490815413
"131",0.3626669769094,2.8365468001645,3.96970610069909,1.04285451199791
"132",-1.98971073983823,0.153103260835745,2.86641421373904,-0.578505571553257
"133",-1.04605299552885,1.59989163520711,1.62772803312219,2.29836262042706
"134",-0.15760301356852,1.96806245532343,-0.178703771604274,1.2402899356525
"135",0.718296394301987,0.95884517364338,-3.25119220990287,2.20601598565343
"136",0.80273374038941,1.22289888089479,-0.421343653760258,1.78208018755741
"137",-0.814274789510952,-0.657112462835871,-2.27184242493545,0.840112115229854
"138",-1.22685580330426,0.25711811691572,-0.1214068222776,3.53239511519713
"139",0.157644644538396,1.10998600416543,0.167111747853176,1.35673450220909
"140",-1.43721314096913,0.398103290815087,0.0863739043274914,0.754622675147832
"141",-0.319426823651055,1.44947945415216,0.857427954808166,2.88120162346865
"142",1.23422224153212,-0.588031321980484,-2.57513559183405,-4.56176365979684
"143",-0.758393047068427,2.3157570292572,-0.377867975026841,2.93760730974426
"144",1.33477946861541,0.127047320329165,1.81517396703542,-1.48382194596774
"145",0.896511797447176,-0.3010405272933,-1.9686003806662,-6.19077611053781
"146",0.318443709686232,1.77587648427295,3.43513059289841,3.38178312913484
"147",-0.670267618469244,0.952776120988655,-3.37524364216454,1.44281525227496
"148",-0.50827141566428,-0.257581360827627,-1.54749111842866,2.31362811850314
"149",1.41685507198507,1.36748840041747,0.237849337360383,-4.08974185800064
"150",-0.844094186942987,1.63916342489983,2.11443331057069,2.41335001694023
"151",1.13882681446177,-0.429766099147803,-1.25969819144503,0.904715509066626
"152",0.197493181224748,0.425575946133179,0.688026613344502,-0.397186457284789
"153",0.350796136712175,-0.999512966762455,-2.48410541907522,0.285712852248188
"154",-0.407612462388918,0.743927332028711,-1.63413794616563,0.234395929830278
"155",-0.704036777411175,0.399050044729853,0.941786375959505,-2.79204693378373
"156",-1.33981799418407,1.17422412505603,-2.33082399995146,0.800603623306201
"157",-0.0440301855905142,0.432117200671651,-2.03097722304631,2.62963396836269
"158",-1.65839719034563,1.99029334376294,-2.75675420275188,-2.70583349572583
"159",-1.01253769100135,0.961789705633398,0.302464849765247,0.319075015035647
"160",-1.59152793718835,-0.506910495633186,2.90442908378677,-3.93878867160646
"161",-1.46506775315115,1.24603672222683,-1.05354942607633,-7.23684224322984
"162",-0.256770274560993,0.624785068526675,-0.795083259504006,-1.11508646346471
"163",0.599323290670107,0.0339287943647572,5.61938831678109,1.34434967625341
"164",0.608893196452911,-0.172249580382499,2.66901186408954,2.07075319427611
"165",1.2865838308478,2.56722946124415,-0.826400031835458,0.211890155760966
"166",0.471844043236387,0.835179934295348,-0.0559563065610706,2.74371468931171
"167",1.07726421888673,-1.44262463395609,-2.27080038114986,0.802022455297432
"168",-0.0232260894683497,1.57702915971772,0.515847195596395,1.60241668871536
"169",-0.422922234119097,0.217314414216925,-0.434338392799881,2.10131095128733
"170",-0.0703294796981986,1.8856259280122,1.9605220572848,-1.8200920392665
"171",-0.530011631364216,0.495716801387099,-1.27537333682065,-3.15616293452809
"172",0.367893467171199,1.5200046888272,-2.8159897824168,-0.10331937305621
"173",0.143359946823729,0.697640673122373,2.67468592331158,0.0469523191752381
"174",1.07186515419637,0.815865456039591,0.401045773898448,0.340129908325496
"175",0.285242818324259,1.9221512721749,-1.16700037438368,-1.03068981857161
"176",-0.230245027138267,2.54401607678471,-1.00713059111125,0.741463294987698
"177",-0.845148924621861,0.33541041190084,-1.64559269624972,1.72553340090809
"178",0.372721744847544,0.361653989232859,-0.44322265044555,-0.979022091712342
"179",-0.0545504623080198,1.43103392200868,4.00263886710102,-5.80998547436391
"180",-0.210315140179775,1.5951997464091,-3.19843748994485,-0.0130868516468949
"181",0.851683290785452,1.54399192589692,1.47659676381418,-0.451441333449975
"182",-2.85948542978387,2.82865375010962,-0.976712842928781,2.44539247284494
"183",-1.1987994538702,1.03164614333009,-0.186408815157604,0.446017672353592
"184",0.0960285613656825,0.703479088700737,-2.859327572574,-1.99416492635601
"185",0.462166457637857,0.220788850873509,3.01412727438273,-0.917509874620067
"186",-0.155862580318181,0.444965600349924,-2.32173405615276,2.36001820121524
"187",0.874965065761202,2.23988755174721,-0.969398914299096,2.02863771222976
"188",0.019744255413898,1.39593081175264,-0.787973979214159,1.24367832781188
"189",1.5292395228125,0.28518273696142,-2.81717729736118,3.51027361563122
"190",0.429691043281093,1.19875970527903,6.24132611744549,-3.83590737239536
"191",0.387636625891294,0.937554391037129,-2.49018393900925,0.979425617660823
"192",0.388983629231818,0.564598428449553,1.98692196606794,-1.89703886459633
"193",0.152066840243746,1.57903014562929,-3.52847093181805,-1.34512360445149
"194",1.26222594025402,2.79028536826058,4.77704835274201,-1.29167090525486
"195",1.07428563508884,-0.941917454553109,-0.929708923703531,-1.31144567823718
"196",-1.42125894098123,0.386818315394176,2.4186400224672,0.461262415183513
"197",0.0706570921099053,0.923181214837135,-1.5958299421834,-7.12540704215725
"198",1.64828500730837,1.52319701712978,0.848364413085895,-0.333521748843064
"199",-1.43106387140612,1.73349787151075,-0.705140527074186,-1.44294094552098
"200",0.873979309136218,0.680010373576759,1.66626075163541,1.73856968757852
"201",-1.0308709181573,0.0103714742751697,-0.269614786063148,-4.80778029200051
"202",-0.693404046461662,2.97362325236704,2.98518220549052,0.21582037627074
"203",0.50653688590421,2.88628021020731,-3.85749926381737,-3.6201898141797
"204",0.859780105258194,-0.408021913674222,1.07204560785243,-3.00957851900583
"205",1.24727238683693,1.49212659581431,-0.0517264118137513,-0.284400255830103
"206",-0.603148437148465,0.0724750246866847,-2.77987860158628,-2.19900114407327
"207",-1.96465331572294,0.717962561852052,2.67751787159405,-2.19391564604466
"208",-1.10011444368848,1.2246813516685,0.203084669258005,2.07950745691585
"209",0.496507032883495,1.54328223885931,1.48899102127926,-0.308930912739531
"210",-0.0299905089264854,1.16397135512927,-0.584269898314841,0.369953406979415
"211",-0.143673507229412,1.04436247474414,0.709023205033777,2.15012762237703
"212",-0.700921410929555,0.0343356277027644,5.3108839273866,0.620719865395102
"213",-0.863611270681422,0.195542771038026,0.7847501934359,-1.1138700527452
"214",1.12447071805709,-0.356769436180675,1.39625065069717,2.5617478496946
"215",-2.53414143794261,0.79348771335347,-1.53766417665097,-4.33597982276908
"216",-0.110672983587651,1.61853521073241,-0.65658448333445,-2.56164018652509
"217",1.04053809588443,1.11851467591161,-2.08105083456174,-0.191055698919167
"218",0.841696316499296,1.59881514114706,3.98051176701764,-1.62843363974065
"219",0.267949024466883,1.0368862384511,-0.879889036935514,-0.163638198769859
"220",1.34309849528643,0.740489345339076,1.34498579328456,-1.67077449140909
"221",-0.205966019939681,2.1369557516868,-0.389077784124898,1.68758215382092
"222",-0.728125575476819,2.42535101623705,1.80655103088301,-1.92401743435729
"223",-1.90748289122297,0.444968964679653,-1.0646062471644,-0.64334320595267
"224",0.83896254818724,1.30117080157849,-0.199652795946167,2.57449008663066
"225",-1.05633745888295,-0.541828125647731,-1.54086790306484,0.192026048567892
"226",-0.295974701210692,0.769040660401649,-3.35397511014567,-0.0247264051833505
"227",-0.788256349656264,1.99418717927641,-2.02265077047099,1.28805470829098
"228",-1.49544183193749,1.03819624925904,-0.426969125754942,-2.1626247528051
"229",-0.658652815573233,0.775218069839534,-1.55926617371423,-0.186856184958086
"230",1.315575028506,0.353085906087308,-0.312019045094378,-3.58612270948715
"231",0.0800426365225047,2.12520271664599,-1.90607056489043,-3.48534297320751
"232",1.14487215727256,3.10075397738052,-0.9239390522629,-0.267519690404425
"233",0.625236276950233,-0.360847351859093,-0.144094043369047,0.632236988798771
"234",-0.548294677007883,1.00507475948905,-1.03609527266251,-0.293091469896908
"235",-1.20998507139843,0.646931105241677,-2.87174245573868,0.79830150326709
"236",0.365965382632608,0.441819426161251,-0.495556778246977,1.16639157042986
"237",-0.23532288152493,0.760790795679029,-1.4341570289127,-0.918104044546863
"238",-1.14995351931531,-0.760968028797143,-0.57139966561912,3.02578605672927
"239",0.928863877295505,1.19130569163306,0.078619308854549,3.00047263072511
"240",-0.995133255984428,1.34629101534039,-1.66385931864117,0.349766631971874
"241",0.570350014871893,0.871034246055852,8.32082662945613,-0.418161752754223
"242",-0.45549197961664,0.881222662041496,-1.9469466894056,-2.4070330751561
"243",-0.481415932059136,0.661620478853237,-2.49405002220023,-1.27593716590347
"244",1.84948820505157,1.44547855621249,-2.79530036390005,1.67979978809057
"245",1.09863034352096,1.23147296288642,-1.67648830591975,-1.52132722264711
"246",-1.46690634698154,0.33043187258893,-1.1217501671794,2.19102262271587
"247",2.09226331123888,1.08811708129653,-1.26641471148324,0.970442602174033
"248",0.839822053214378,0.395679122898592,4.8537815889445,-5.58568030662061
"249",-1.05041324178669,1.07086672845145,-2.13746123564488,-1.19534832502027
"250",-1.54005068226523,0.777998122177426,0.0983005452930901,0.656709104712333
"251",1.65561757657706,0.368800941047448,-2.69112209473596,1.64927720076245
"252",-2.28751261993155,2.88113632988288,-1.77099642691448,-0.424821806456773
"253",1.02664197428199,-0.143919023801288,2.53310189123809,-3.08758986902243
"254",1.26161972929895,1.61351259404127,2.57098726297843,1.78158805343876
"255",0.135342055051397,0.64662741230027,-0.940600937883848,1.07963599605368
"256",-1.93035233506751,2.29031143590377,1.16796558353197,-7.58501818635561
"257",-0.683024053886562,2.4320652537751,-1.39824388345885,-0.774670130083828
"258",-1.02234816896289,0.88150708760084,-1.27752246085048,-2.04356197693142
"259",-2.01851070020071,-0.323134876291628,0.0202669949302943,0.643451032581748
"260",-1.33609794478711,0.892815296900512,0.966922063740945,3.11107784924092
"261",-0.33523865772336,0.144396399780819,0.932858674148419,0.22265950021318
"262",-1.20550098215322,0.761193394914447,0.413482786880819,0.121247076425712
"263",-0.17689989351858,0.130672788930491,-0.989635650326771,-1.64635681760272
"264",0.176081543034986,0.955733091907848,-1.73976554456937,-1.78107302888693
"265",-0.705940456106723,-0.183415044074254,4.12518714042282,-5.2882139219904
"266",1.24181513483122,-0.439667469271036,-0.651796445124646,-0.811149649468356
"267",-0.77868132618429,1.33871500281678,-2.64721999473962,2.66122224659516
"268",0.269805026145935,-0.673927279526068,-1.16464453080831,-2.92191742389893
"269",1.43984277702521,2.69497676859328,-0.480694746110118,-0.403028940456068
"270",0.217264243232847,0.551318729634115,0.475665614058847,0.210627653142737
"271",0.297193949683258,0.660373576105052,1.58658991145654,-1.74405138886587
"272",-0.571593274683302,2.44897096434039,-2.41475151625691,-0.166224308247257
"273",-0.225046926004298,1.73537500604194,-0.631873987117519,1.88834714893642
"274",-1.22837623552083,0.659282479888558,-3.49503515882694,0.993550581783039
"275",0.0559792940439377,0.37920281175862,-1.57551109727168,-2.9250980309818
"276",-0.443076697469208,0.919865430407395,2.48035719266024,3.30688036384689
"277",-0.0135713730823314,0.584384999221624,-0.66626148601749,-1.70734668138094
"278",-0.202235004517698,1.52578971317245,-3.05375223841074,-0.852856241931764
"279",0.218936554686095,1.17356282602528,1.22791510427788,0.00223483021123871
"280",0.521294065184381,2.22551349114718,1.32027331214169,0.567670332722137
"281",-1.59115743174589,0.490366244329214,2.38437922601188,-1.19315623295253
"282",-0.324796880499538,0.743320679651844,2.50488373960336,-1.02770432387459
"283",-1.38878193115363,2.27431900704621,-0.0898051156111579,0.974031348353371
"284",-1.49491071752506,1.56553755257736,-0.564907451788936,1.49238106531899
"285",0.373416954643076,0.0904241818928337,-1.89144620458773,-1.73717302313938
"286",-1.01683064352061,0.628090314317128,1.14311224039526,-2.2649045397712
"287",2.43969468533271,0.563838980207159,-2.08708800804755,0.844552816841763
"288",0.275417301074691,0.874716103786936,2.19758685663027,-0.314408421633535
"289",0.131121552399923,1.78425248585999,0.822387689106409,-1.89773151795225
"290",0.967207981203943,0.860291562564258,0.153418032341018,-0.965344747742952
"291",-1.09360193581089,-0.670584887491389,1.15485137175866,0.606360202533129
"292",-0.0340464467732696,1.16526053158141,-0.713371718548486,2.7914732723052
"293",-0.432620730187634,1.53391228567754,-2.65185033485666,0.423023380564879
"294",-1.37578063830795,2.52866311491205,0.0656105675457985,-0.298297339148584
"295",0.969926250107358,1.05987304576397,-0.972863862125547,0.335007742851118
"296",-1.28472543338132,0.685035181432995,0.490643263106426,-3.46361630229372
"297",-0.283018492617905,0.130932980030041,-0.500203744177041,1.85638153078516
"298",0.22184429398954,1.02507945074258,1.27064455957351,2.06723007660122
"299",1.32149727026428,0.928693647390018,0.204282982190611,2.75863501881668
"300",-1.41674774402684,-0.488343599276705,-0.143503301028824,1.96989954353182
"301",2.23792393491327,1.92641608597897,2.42102120768321,1.87193855125123
"302",-0.575084444063643,0.506252773931896,1.98166929279302,-2.55708688091231
"303",-0.714170991383551,0.22900490579025,-1.60687527659418,-1.68262918779789
"304",0.0205947825833345,0.474009645439121,1.11955394202099,2.13804840932131
"305",-0.853981532312878,0.328211227098256,1.34041270474825,1.42984025377686
"306",2.67531943263719,0.654375730866744,-3.23537110540161,1.55262037983635
"307",0.143925313580124,2.02248539130133,1.1188141578103,2.55914012103297
"308",-0.0992826204432352,1.28749443516464,1.31092471404118,1.97401894728405
"309",1.09438698220399,1.85846455653106,-0.804562132482841,-2.30272905394378
"310",-0.721495650325155,3.96322790403948,-2.17797164596371,-1.34043739025754
"311",-0.633948518167566,2.41208412190958,1.46626956758592,-0.873686196490074
"312",-0.816551209657666,1.8346727201873,-2.41669306349955,-0.348069706896514
"313",-0.00134754446608412,1.78012040807562,-1.98859503168548,-1.33009639679745
"314",0.287639788058729,0.864770792650628,1.15724144772144,1.26313531098497
"315",-1.20180845193269,2.07349829269238,1.3607329059532,1.03368863188367
"316",1.88755217888493,0.279093538821777,-3.18024090948296,-1.13165139968699
"317",-1.08473925192457,-0.366003228360919,-1.84082757570307,1.87005145355622
"318",-0.476456538068608,1.91684676631063,-2.56943233787595,0.955963328158453
"319",0.914322027146192,1.03050790707449,1.36288393116869,2.36306123974239
"320",-1.91269042348226,0.270247906953804,-2.93312801651647,0.539204793927591
"321",-1.16242291765849,0.407864506944001,0.594738662640449,0.454225750200554
"322",0.264183532470537,0.869616351476502,-1.42707134806013,0.3109209394963
"323",-1.40109550606279,0.941985356726715,-1.11189778794663,1.0834127984746
"324",-0.80578666166232,-0.025472220080051,-2.85823067115827,2.08236747470229
"325",-0.490182350235664,0.832582575567658,-2.54786778202938,-0.625135180166651
"326",0.00523527396358458,1.64813904654575,-1.02536729597254,1.85941407888186
"327",-1.11335476488402,1.79078828035332,0.95642907347123,-1.04238651036431
"328",-1.05353254109607,0.0108867117310472,-2.17643937691629,-0.437575757583283
"329",0.138048219282425,0.483553659918201,-0.526568474259165,-1.38649944151098
"330",-1.88203447543711,1.95878597667331,3.40404033050731,-1.59277482837467
"331",-0.151121597362142,-0.232755733362692,1.10359724629149,-1.68350175040504
"332",-0.494719233621708,-0.406419252108485,-0.176099290074511,-1.50092929831492
"333",0.31529523535916,0.726726053122402,-2.88029364348733,1.21530445954952
"334",-0.836206130287399,2.75986878398417,0.353511390901205,-4.5924663702946
"335",-0.185378531192683,-0.333270698477745,-0.134490198313292,3.24021634805295
"336",1.83761860561122,0.752028288697019,4.60339840756681,-2.68619598289475
"337",-0.232415136174358,0.665788796255167,5.54445671558319,1.21798208719548
"338",0.219597615301781,-0.981641430764229,-2.22308512376711,3.17869853761653
"339",1.77484196798653,0.0743232469363537,-2.19929229825417,1.06903336135932
"340",-0.268872602765143,-0.0102531022852148,-0.584592946906716,1.92606781412057
"341",1.39707663825008,0.089986432749169,-1.6720816418408,1.7930640034338
"342",0.726554074433054,0.790814127491524,-2.8682281325925,-2.3990452573505
"343",-0.679407752379924,0.5312442424226,8.21462925679897,2.03646226479362
"344",0.479076978989386,1.13735264887087,0.651430026921758,0.418348589531764
"345",-1.16369747655294,0.811292833946561,-0.219225601546294,-0.803911935654354
"346",0.56100546495509,1.1853694636781,3.8225241024744,-0.994630336220118
"347",-1.47339952448937,1.38378412082153,-3.31755440096771,-4.5987570206105
"348",1.4399588656484,3.19595053099255,2.86633251968107,1.585651132969
"349",-0.281007736592498,1.54176036995506,1.23282772146783,-1.35907246225483
"350",-0.442952877843988,2.99256555642547,8.63647714594178,0.537155433093546
"351",1.05974511431633,2.07406353853121,-2.00062119490434,0.0155396230998581
"352",-0.807481966671541,1.47785630113703,1.38597338663333,2.03429897947887
"353",-0.0665182654656814,-0.534066476251708,-1.27347643159656,-2.716077649723
"354",1.97092107801931,1.46054001621177,3.35692026102614,1.79414433572821
"355",0.0878421114347796,0.136573217649065,-2.91634884724091,-0.969323613351627
"356",-1.0153860064289,-0.413344473970757,-0.12632845693837,-0.99529880668731
"357",2.43104767106848,0.731875723326787,-0.644844037646582,1.04247139068609
"358",2.63249886704495,0.869071293439153,-3.73741699289097,1.63266154449591
"359",0.463423186649961,0.46819132793046,-0.769826657854423,-0.996725650952033
"360",-1.05231975953515,2.50348075539416,6.53568002712599,0.249384814172384
"361",1.04057019638464,0.0474159997759858,-2.54296669747349,-3.20935196652505
"362",-0.424405481533985,1.43733840084161,1.02206584881118,-0.765294008474884
"363",-1.52284831520528,1.89857502612437,-3.10662819056975,0.602812650148715
"364",0.569623237035571,-0.436212221401165,1.67794483072689,0.641412317663574
"365",0.607972128275799,1.08535125641094,-0.41650336253342,2.65325233823233
"366",-0.689724514290276,1.52816517567459,2.10235250432571,-1.00101300018293
"367",-0.140157756988227,0.585460539584906,1.36504525781737,-7.11521263312346
"368",-1.28506721644345,3.26114212427476,-0.661566961547982,2.88861409391315
"369",-1.27740592873862,1.37264572777581,-2.15170362572841,-5.52824835751122
"370",1.78272447989426,1.53927347944181,-0.704250032219166,3.50552067342902
"371",0.662428440707011,0.444009807840871,1.93670527017223,-5.19584388054671
"372",0.198027817827977,2.26620665248122,2.4111098051506,2.19325296974258
"373",0.977295769285782,0.301272025112352,-0.180203842254677,-6.6947625583765
"374",-0.361856832171259,0.526717308019057,-0.322676618641837,-7.95751579272176
"375",-2.06268168411627,1.6222691198317,-1.03202117447841,3.26983465591031
"376",-1.32058995520195,-0.12956957747347,-1.34209809275212,-0.214884417047721
"377",1.66771066991478,1.18002439077053,1.25803682639917,2.56192725730029
"378",0.348423101553674,1.95025549107923,6.52537709291866,2.91925766090983
"379",-0.627905077547245,2.80507348681082,-0.51263676874403,3.45194875785628
"380",0.548291758905801,1.27821808976875,-0.127265201271743,-0.864102919596652
"381",1.32833707954572,-1.11246077838491,1.2487757590956,-0.14594475042515
"382",0.622860419297564,0.0442658594784748,-1.61201189736037,1.69938019336504
"383",0.359423843692085,1.96276137749256,-2.32893909750705,1.69408713028506
"384",1.07292529747817,0.553226154276239,0.806065240374686,-2.44293828404444
"385",0.701146878310186,0.913774921784712,-0.327493342909726,2.45036143341452
"386",-0.014211702780803,-0.698185538364688,2.0804503979647,0.134479610664151
"387",0.211579565958023,0.848152311514284,3.40886226064125,-0.531063342270739
"388",-1.17995608610091,2.93517092228666,2.46363106281922,2.94114142918669
"389",-0.654923549575412,1.21285132061788,0.858309900550485,2.61895087142681
"390",-0.153058918846279,2.71462148440081,-1.83356331085973,2.82192034996207
"391",-2.11632440763476,-0.114115148318735,0.653330008064362,1.1786959119647
"392",-0.26218077201888,0.340080685819844,1.99447009113223,-0.85409647850965
"393",-0.758018712468136,0.532953516378929,0.757283647952213,0.51579212027995
"394",-0.298836560635539,-0.190694144292347,-1.89604046042067,1.14366388135694
"395",1.14063212147188,1.77443163911964,-1.0347988240401,0.86473908080996
"396",0.86921704157996,-0.724181654806665,1.73762322406839,2.4105211063744
"397",-1.28570717577352,2.44810555477727,-2.47556079850789,-5.85515396322982
"398",-1.24349362292983,2.10816367087055,-2.20291569775868,-0.212698664030971
"399",-0.456329269687347,0.115703451672972,-2.75547233224663,2.38641218632375
"400",0.336755733199754,0.177346913198877,4.70935906557023,2.06095009164135
"401",-0.859369026951524,-0.0209633350420009,-2.40596137826595,3.23903389635696
"402",1.3782355937061,1.26625228963523,3.23682192907266,-3.86052363786298
"403",1.02800374221826,1.85157603492834,1.92646097080604,1.67001129301474
"404",-0.481084580989952,1.90994868136828,-1.95127566902572,-0.953269194681671
"405",1.10343889125884,-1.43312937588953,0.0848899782421813,-0.368458726032088
"406",1.78578667879332,-0.269690673132893,-2.00273500899094,-1.66112006279416
"407",-0.404937727376448,2.57490898334367,2.00865715635708,-1.11148411200359
"408",-0.767632686244588,-0.282860446119173,1.06527646571891,1.48977397760937
"409",-1.58339857286053,2.44627229203131,-2.10324531978009,-1.92875987419964
"410",-0.974706575687259,-0.832279180895811,1.68308999090561,-4.78501584209126
"411",1.72801904173879,0.812101572030269,-1.764243266591,-2.71619710990645
"412",-1.62616286834386,1.4639654765835,0.350708502934322,-2.98220554268739
"413",1.55825503982781,1.08391725153987,5.06145629777317,-2.46236045073383
"414",-1.43859728298294,3.19363465814981,-0.678848964442869,2.5178413209454
"415",0.00691865260732847,3.01786239787512,-0.692807657532505,-0.597518982828703
"416",0.0259554930589674,0.377521536614991,-1.46526808835548,-2.05841400749479
"417",-1.43435845021342,1.04580217302289,-2.12240420041497,2.20177889835409
"418",-2.57091841980455,3.26214078594196,-2.33314686500819,1.46318660178284
"419",1.25067994179392,0.404638218977577,-0.729568768173303,1.62155040600503
"420",-0.970395996820437,0.523623566523525,0.111907065675395,3.14252092131486
"421",-1.87204762954401,1.18396464239654,-0.534022928167618,-4.6723259019184
"422",-2.08864344760972,1.17668445988944,-1.88150940862697,0.614047963476294
"423",-0.625461627196355,0.569553748721454,0.73037063404676,0.0103743509554854
"424",1.3665687734792,1.65973789100061,-1.50565363507291,1.2864131989408
"425",-0.333247690502527,-0.610806921678412,0.899068652601924,1.08355479245271
"426",-0.644093857427836,0.71530673593355,-1.73379494721453,-1.10855018330736
"427",0.12263408543816,-0.94226920966684,-3.02876609110747,-1.45964611249594
"428",-0.164611262454988,2.13830035950504,1.13345707883497,-0.193133559896222
"429",-1.73586769678798,0.797545495919302,4.28141322198884,-0.071746597959119
"430",2.34006981327428,1.93334044222586,1.24027686367315,-2.99365115363691
"431",0.430703368181155,2.74083801837364,0.928396411660556,2.19078651723224
"432",0.590217285805244,0.299962444183836,-1.86588044133168,-0.294644554020885
"433",-0.390735656248615,1.0242539759146,1.31016336365939,-0.244819713872045
"434",-1.3122866150841,-0.212192003920993,1.07403258988138,0.232201940448751
"435",0.21845939618277,3.51595036194691,-0.107833470433252,1.1070985632531
"436",-0.444794155309159,0.378114484338906,1.13007523147227,-1.72622084022246
"437",-0.0454928111008665,1.64129667291063,-1.97127613594652,-1.51897575761448
"438",0.669353053062688,4.98450197077087,-2.55609901821967,2.10042126010362
"439",0.793285394614278,0.589410313356681,0.936785805820985,1.01742622939312
"440",-0.936713765956536,0.431105308644741,0.933642766497969,2.61480822419804
"441",-2.00660183959976,-0.0292784054120581,-0.00717367201397034,-0.0854639964057926
"442",0.961818793666734,-1.27574506904323,-0.747484819132785,0.437635824619652
"443",1.09161832880032,1.68553419401132,-2.20077056813196,1.09841804694255
"444",0.735290651122855,1.45580742719185,3.26551311769287,-0.748212098575755
"445",-1.03206206592788,0.513111001005112,-0.241828442492541,1.43737975472047
"446",0.426022133920788,1.4533554129407,-1.42069748821637,-0.174070340157871
"447",0.882457609712549,1.10866043782662,-0.297520745996668,1.59080147274778
"448",2.50286194124227,2.44995866093813,-0.725948712714449,0.529689525759974
"449",-1.32360336553217,-0.172361690706915,-1.64385861780557,-1.1468470305598
"450",0.9252115610048,-0.214178762055829,2.78533523147339,0.472137808509523
"451",0.262810901355787,0.469969896795536,-0.82145592617139,-1.00953993714526
"452",0.0322413424301346,-0.0590796932701227,-1.87002844860771,-0.809411172200855
"453",1.57600663913302,1.05230006784853,0.502817340071469,-0.185282701133495
"454",1.52652441706928,-0.790689803611312,1.48753377507861,-0.774409497175595
"455",1.14643546871307,0.874332333048075,-4.17467839875757,0.186195486963473
"456",0.0628683624507854,1.33585756199088,1.25579000492675,0.824625826868548
"457",-0.87714663574956,2.39873220601516,-0.0871705321761558,-3.95674050424249
"458",-1.46749532559011,1.45192020632322,-2.99093370878096,-1.54074436123754
"459",-1.21710970283105,-0.0204264429204546,-1.98139546697435,0.486699419230771
"460",-0.781418569642552,2.2101915782001,-1.3062021996972,0.808027124148379
"461",-1.05478680979769,-0.213626461817687,0.404287328267453,0.0894660732961883
"462",2.18592980476839,0.0913118440309264,-1.21661428235483,-0.0500794162577025
"463",-0.174933154342587,1.60509268107158,-0.541762393547469,0.0828152405022589
"464",1.62623240084858,0.906264626816379,1.59681319312667,0.882606193614801
"465",-0.432401976318912,0.775322386796212,0.825530207642191,-2.04049493191626
"466",-0.55270267194471,1.13073468721635,1.67941180871941,0.427546592522237
"467",-1.92103315322045,1.00701871573651,-0.0208844184958259,-0.712125528453938
"468",-0.664994332193139,0.51322847908891,-1.48579394068207,0.739724467764055
"469",0.425426395487431,1.55175497016221,1.53431032264486,2.34631002504746
"470",-0.279961826042673,1.18699028793105,-2.63293942859919,-0.868713231261402
"471",1.99312885485407,0.997147916036865,0.459949525887234,0.0674717542339118
"472",0.428324673030068,1.36798455980126,2.28680755372395,1.41002473919995
"473",-0.925404763010389,0.699034101953376,0.959885158414618,1.13204284937511
"474",0.966998860703395,0.175240554945596,-3.2495808313902,1.48066861959063
"475",0.173478965659035,1.410235634637,4.4473937188542,-4.05397598214832
"476",0.206531879707403,0.594259092029215,0.785601638895735,1.08881016930161
"477",-1.67523270408616,0.380110342399109,-1.4450471406173,-2.5437738462268
"478",0.0699423036464852,2.14030205110986,-2.91618583523125,1.18356334136674
"479",-0.128156805435056,0.453624364534197,-1.84499633107337,-1.00466922885293
"480",0.319459940354359,0.491106885218807,-0.513799074444659,0.00253326383784436
"481",1.9758586597638,0.581159042531657,0.379838605566753,-1.71640026922406
"482",0.181929152519049,0.746269622813996,0.154365875652561,2.4783489781946
"483",0.96852194580765,4.0098613228474,1.88522455302217,-2.44648479651171
"484",-0.567058062065075,0.189354403796511,-1.742102663329,-3.44877781135179
"485",-0.752255943680941,1.80663978198728,-1.38382426532947,1.63535552598113
"486",-2.82647818907256,-0.557643286883315,2.14018479389097,0.142542387625569
"487",-1.01321503426225,-0.0578759315346691,-8.64393301032162e-05,-2.36574502581627
"488",0.576998622321078,1.12040070115426,1.35641615454208,0.731252308351067
"489",0.840063157916179,1.5368712612717,0.544371362833448,-1.68373468990612
"490",0.104831092797385,0.828633212439119,0.0132577226396011,0.805272175277893
"491",-0.435285607097749,1.21652236388816,-0.544860786415909,1.98835569743109
"492",0.187302639294908,0.494818178703251,2.18970592870461,-1.8513150524059
"493",1.64430201414329,-0.344976076285505,-1.3567321506766,1.6251489488501
"494",-0.745361010853131,0.706355926699345,-0.448428232268846,-5.53570418230618
"495",0.998527628877003,0.946001859901224,-2.48934008104562,0.665752846372137
"496",-0.199360774482087,0.830415667606904,3.13178538818244,-2.84752925629247
"497",0.170705323312017,1.38493416454862,-2.12684681761645,1.12815219346701
"498",0.716748146238095,-0.244503201083759,3.3090932048314,-0.112578058166743
"499",-0.723951074375262,1.50420332073994,-2.48128400667509,-4.23600180269668
"500",-0.890324742348692,0.366196529028752,0.968899564658098,-0.287259474137684
"501",0.17463208109476,1.16665897047526,1.01532598480498,3.25046976458669
"502",-1.5817005313583,-0.0871513557635584,1.04649589197341,0.334190084668378
"503",1.57898015033924,2.30956225760012,-0.64899487461215,-0.515222679411885
"504",0.798629210577474,-0.19389973756523,-1.11077425180095,0.296498068733437
"505",-1.43995606597687,0.544015096961194,-0.535978528806676,-1.09803695292209
"506",0.552933422380771,0.218419455175111,3.68245801059329,-1.09765654954346
"507",0.494685635735513,-1.25307820641295,1.95985958146966,2.6884595538935
"508",-1.38283129566667,1.34134403729641,-2.55547782266618,-0.354738685212418
"509",0.350532668193769,0.174092489164331,0.0782720966350372,2.94042205457598
"510",1.13029300091712,1.43978475034261,-2.95224517674438,0.411665639055893
"511",1.31781897407039,-0.260863596426089,-0.0100526389456064,2.90641812635041
"512",-0.737989726868851,0.567574467507955,-3.16792967461487,0.54219116705946
"513",-1.37638331675243,2.60808020758663,-1.50151509225524,-0.938453955125095
"514",-0.44455554196578,0.634862499945618,1.40807361179059,2.45848866476178
"515",-0.0699886363488913,1.91401597557427,1.07255152173824,3.99650685037591
"516",-2.59175374629574,-1.57306161675284,-0.656473564160706,1.16131985452639
"517",-0.116378715921462,-0.0424845025375846,0.799954451905125,-1.51818064231747
"518",-0.00319319869214361,0.542038073340696,-0.600077093628433,0.0193995057874152
"519",-0.20182683522919,0.399129438874873,-0.546938337657303,1.33295983166594
"520",-0.761344344167256,0.96556639865216,0.896808773994655,-1.32957930393292
"521",-0.837198231409759,2.43784958390129,0.429400987150319,2.39005063485653
"522",-0.399408333428444,1.00880599890428,-1.75508580244719,-0.233433265129301
"523",-2.14663935858623,1.1464528851748,0.16264447465217,0.155697091834162
"524",-2.31061562098594,2.27984766137109,0.777735515504057,-0.622713294600974
"525",-0.430172667636742,1.02337238694832,0.959935119440016,1.61810034716435
"526",0.406825218996424,1.358193055685,1.36137869245119,2.11337560067618
"527",-0.139463832559814,-0.395299144807522,-1.86885122946665,-2.82557339627052
"528",-1.29219004675363,0.317814783035451,-1.55782119640643,1.58731990938598
"529",0.00939110439931483,0.959729841304073,6.6183523346941,-0.644176016460277
"530",-1.2089941302785,-0.204629430270779,1.73110640955542,-0.445888876079869
"531",-0.870441981247257,-0.319688862737491,0.460110500145319,-1.97275644241124
"532",-0.542353847067418,-1.09308849064174,1.23738909199961,-0.454807996124244
"533",-0.375403996525816,1.9096228747052,-0.236450729697772,-2.57275494382454
"534",-0.551090136178653,-0.291359843361577,-2.88230680842516,-0.806373978725184
"535",0.109526146861016,1.78833348063866,-0.0927790488663687,-4.30890901096558
"536",0.198302881683615,1.88460737463988,0.894430424649381,-1.56293833613075
"537",-1.21875562391345,1.33381619378287,-1.62272034453318,-1.344365490799
"538",-0.725182004124181,0.0762214903851987,-1.37584208981689,2.80212923277066
"539",-0.737528496049732,1.63079576189729,0.242714340340451,-2.27064869173481
"540",1.66871192468519,0.288654913486391,0.870593052336164,0.706059351933239
"541",-0.644322390287576,1.32953692825371,-0.575268806882921,-0.963440759790094
"542",0.517848247022624,-0.0582739468019735,1.42320195262886,1.1350900851858
"543",0.321484792399036,2.15358312481087,-1.98727403450774,-0.683246849947851
"544",-1.00350873093753,-0.992796758451234,-0.489560815681201,-1.24074430670861
"545",-0.451970773241885,1.06727421838823,-1.44855339121387,3.36117578677511
"546",-1.28204498887784,-0.84346235227839,1.44368462930823,-2.51749507624096
"547",-1.7501244881227,1.24875210650186,0.0791538629205919,-0.00757161337372314
"548",-1.52822203479131,0.211474042818108,-0.820882264486849,0.484971759339496
"549",1.21185907259147,-0.246414314016659,-1.09156259282768,-2.72760739043161
"550",0.797255537595622,2.18080678922452,-0.599062169565281,1.34554181640167
"551",-0.233359106104934,1.47221407203275,0.470533587054791,0.364942023608742
"552",0.401715801116971,2.99565337863645,-1.67913211915969,1.07019843166716
"553",0.0360075120863018,0.0625043452363572,-3.65229714198418,0.532226807907805
"554",0.0319437059083974,0.10347972831723,-1.36715125341451,1.78441083253968
"555",2.64102775059373,-0.330543512348686,4.65936705607574,-0.702581418014499
"556",-0.459349261605726,0.761295751019138,-1.77044105920151,-1.88912902731467
"557",1.30759194744146,0.632419527259826,8.65592058979634,1.9083919634572
"558",0.893516445620404,0.371366763615456,-1.23368970302495,1.97900608486344
"559",-0.990108945912144,2.20838527544538,0.872761028842985,1.87881215366222
"560",1.01803117360139,0.887888639509701,2.98892408793096,-3.90906621408289
"561",-1.91287593043204,1.12102175150007,-1.16047506901183,-0.851012256982728
"562",-0.329878190998728,2.25917057563547,-1.65829522832977,1.89178966982965
"563",-0.2227960648114,0.462414630117822,-2.15254371656825,-2.00041916399175
"564",-1.01569923186378,-1.00786972788788,-1.83322150676208,2.06736438061095
"565",1.08670793924058,1.41333162400536,-0.605881072607684,-3.28072786054746
"566",-0.53466350447503,0.92767089360434,2.17060867236412,1.65242182516342
"567",1.08484043043684,1.9787693083951,-1.33607469904452,1.27827900811078
"568",-1.21142804549021,1.03852973356779,2.06367918069042,0.149335263189506
"569",-1.40630813267572,-0.530725237180426,-1.38207949401537,2.53526369925453
"570",-0.172786164377363,1.77280734126262,-0.567647142758346,1.35695990141117
"571",0.0156049041579382,-1.03673815931341,1.44745864374694,-0.224197987808227
"572",-0.235185295601429,1.68701591900449,2.32593264371924,-3.54282168802718
"573",0.604041110260076,2.26937701611216,2.75488333380585,-4.80531286832744
"574",-0.260687033169117,0.712791675681706,0.0334599153113786,-1.22281472264266
"575",1.10507579993092,0.286948519164015,-1.49240069460957,-1.60097795120935
"576",-0.815805196077413,-0.0144699196426377,2.07796372803249,0.187787762226795
"577",0.239194234186741,-0.983215406395316,0.921088418851278,0.499899271808547
"578",1.64692652275513,2.19476104145935,0.0643237771012217,-0.418252398326176
"579",-1.20997646814654,0.251581954155139,-0.390056298610578,3.08090428459555
"580",-1.38004628728263,2.23498415254012,8.20344745741602,-0.604834436943827
"581",1.23180286213171,2.58778687009126,-2.30815146861426,-0.461535297676244
"582",-0.849054147805839,1.87994936345487,-2.80891331473326,-2.13536638978051
"583",0.983336017044592,0.611044843620193,0.241626764483925,2.74439911382444
"584",0.0787016665742603,-0.720826425119391,-1.57022114875451,-0.668323000446958
"585",1.12334140439183,0.440896802577671,-0.840623148369372,-7.06249560611776
"586",1.48103667641304,-0.0667290377474916,-1.18280234658077,1.50534042207092
"587",2.71314665243943,-0.33535017118487,2.76767462927122,0.0648989459788678
"588",-0.601603668206162,1.0499561234501,3.27618426642439,0.726059120591983
"589",1.80090709284921,0.876305181578255,-3.23800189800125,2.09552190967625
"590",0.293442181390741,1.54559311211511,2.07252658952553,-0.832920502470223
"591",-0.280422032844113,-0.212960401725258,-2.9983402296645,-1.97733882604332
"592",1.88473049749222,2.49996591924936,-0.127371723551473,0.176672842135476
"593",0.746993427618742,1.36449880768536,2.66002893905105,1.47244163225701
"594",1.09888921325164,1.86523357303517,0.935779544929259,-4.47339623660342
"595",0.293368356581429,0.507917259165812,-1.12843936499443,0.933364554476667
"596",0.748362033014522,1.05512495012382,-2.46318304172228,-0.931247543528436
"597",-1.94561977712676,0.998762746390123,-1.00335561399323,0.709247722649904
"598",-0.351908248276293,0.401204627086251,-1.14836511236009,-3.25228906908663
"599",0.767600971333985,1.5246864967734,0.165115461096616,0.904506447219484
"600",-0.97954782953405,2.78984616304271,1.62618807474305,1.61617261736852
"601",-1.15245551242488,0.00691369403005837,-0.523668275919099,-1.04788602442605
"602",-0.935739764184866,1.72496721929598,-3.49777563862706,0.612467809716486
"603",-1.75658049378744,1.25229606962347,-0.0617830606366165,-0.535981912018878
"604",0.234443514349798,0.727797653464488,-2.37296732363902,-1.63935003412655
"605",1.20869125430592,1.42579748168487,0.444447940337361,-0.657721171159709
"606",0.553469443215259,0.678514432464871,1.13269317600109,-7.42780255285159
"607",0.479099525647261,1.97607030913231,1.16043114062521,0.894972380445402
"608",0.706028529131954,-0.124488392477034,0.334148783532459,-3.18674831494504
"609",-1.90634434434603,2.2101146160278,-0.0248341033807067,-0.807771943447131
"610",0.782103722732114,3.00406729004837,-1.1040555444514,2.49936318224386
"611",1.73598400032938,1.26516026466165,-0.437289177359596,2.87692712854224
"612",0.341180684679083,1.15210619038643,-1.48219272790559,-1.01344954490032
"613",-0.557832638218029,-0.462197190701886,-0.988207783657223,1.11388070148344
"614",-1.66706910424831,0.517532448737168,-2.19703943089154,0.489623136161795
"615",-0.674791027579053,1.14777935058297,0.104002398361146,-3.64156461912364
"616",0.271897445020668,1.66157810174983,-3.34996250725256,-1.69269372354655
"617",0.811289993640466,0.423255562357713,1.63559916803474,-0.68961007497391
"618",0.0505991117360005,-0.853195980581209,1.1517183134154,-0.966043002063835
"619",-0.604217952672641,-1.36219842894933,4.45670047631545,2.1294700682267
"620",-0.799173659244116,-0.577374939923837,-0.0701666954101323,-0.840222617437861
"621",0.789264128551446,0.298453874251887,0.716247192108129,-3.52527926810985
"622",1.01989821007324,0.647246907492128,-0.977218130084666,-3.76352533317536
"623",0.748640674199284,-0.158601044828003,0.668895438531116,0.712393917379457
"624",0.602546115222022,0.0187660247694299,-1.93944953743602,1.24760405693948
"625",-2.02598868442932,1.35800927147166,2.99607234481579,-0.527422756885134
"626",-0.512919862424864,1.6479072661873,4.96799716087157,-2.47067536638125
"627",0.316125640377392,-0.150997188278982,-2.29239488462567,-0.503342411551252
"628",1.26274088791083,0.795771060716074,0.291922004230039,-0.76154305947621
"629",-1.07761823744631,0.786377970146572,-0.0543233534537142,2.90950555160285
"630",0.673626476655203,0.986457911292537,-0.674802928659538,0.0124425386871916
"631",0.392619877729618,-0.299046598012287,-0.200558556447408,2.00441904405128
"632",-0.0297920210050975,1.83970958464873,-1.62800955073896,0.111024879352091
"633",-0.09063205415909,-0.428393079269578,0.825889130058419,2.57783606533246
"634",0.395170253623188,1.62967261493944,-0.747520012129004,0.0296682112397331
"635",-1.36426839992714,0.467343817153588,2.91869865608901,3.01370576690053
"636",-0.701316446042234,0.0916851916441123,-1.46434893422328,2.32154866095123
"637",-1.99053380986467,2.42268289999055,-0.773921040642717,0.75452863906079
"638",0.9417739611174,2.05587430666641,2.65572502668634,0.790512341880203
"639",0.639754556688992,-0.745806378288608,-0.283721122673388,0.203135940397678
"640",1.53439396935285,0.988937764552519,1.18882195006316,-0.277160008561632
"641",-1.22211298202641,0.820654033030814,-0.000982918743132499,0.528265006775566
"642",1.05649410133158,2.14379514064869,2.40007844742484,-3.64674318763807
"643",-0.97667271977277,1.29202900729975,-1.3015178313894,0.0695243882090633
"644",-0.466348422968376,1.53837298204651,-2.51079919359222,-1.37422948231302
"645",-0.549802337543816,2.33217419460359,-0.117925689252813,0.0383484956458451
"646",-1.86372526801102,0.673941375322243,-2.10650665964337,-1.51716397174673
"647",0.331312041648805,-0.265335622320524,-1.43534101042023,-1.93685428527827
"648",-1.47363564822088,-0.0575382963264388,-0.634336748320377,-0.408768286593393
"649",0.0224840791727471,0.952163180919283,2.66724271155238,-4.86917914060022
"650",-0.663860077593126,3.16170328514263,-2.68713564367017,1.3310338553358
"651",-0.65678171231853,1.77071978403437,-3.04551485484574,1.45733106443012
"652",-1.18214805735699,1.45024902544977,2.09152001102365,-4.04391071560714
"653",0.409041762763169,0.927705052957527,1.83971680848245,-1.2814693190394
"654",0.352546303238998,-0.532446723879135,-1.96188055548552,1.53456758900698
"655",-0.956162723176353,0.107436270495436,3.0472670040569,3.12862766422083
"656",-1.02420088635758,-0.159512589458988,-1.04045594671276,0.812676086277193
"657",-0.48191860843311,0.364769439427055,-3.96979708265465,-3.42354375641147
"658",-1.02808185486509,1.04256876549288,3.31914830217977,2.32579323279335
"659",-0.791217331326401,0.916144881469867,0.462023387500597,2.30587527014684
"660",0.0602444778365824,1.01370907764177,0.735095897878104,2.74847990802851
"661",-0.147416105666546,0.729580154881533,2.18730741268105,-1.06794021971805
"662",1.15932969007471,2.56114547006415,0.502997192157739,-4.35358693307425
"663",-1.91952432492329,1.92036349822831,-2.14974903401957,-1.11570855671564
"664",1.03609758944745,1.00434473272976,0.17616086514864,2.75379282365784
"665",1.70063013612353,0.925818982094559,7.92707642330828,1.87218281050366
"666",-0.162248810765712,2.51454528801704,0.91123064565091,-0.264119747559772
"667",0.631438505469044,-0.251624118579307,8.1478898612209,1.79962954169029
"668",-0.0116699539319334,0.938897124971863,-1.33804102974966,1.78176805336987
"669",-0.250159566458987,0.828606817977643,-1.10089477402043,-5.02157283520916
"670",-0.501825516369183,1.80834483491931,0.156681337197759,2.27525503242567
"671",0.290040946781944,0.0472336644425799,0.101321665766094,-2.9347285724079
"672",1.42466172946904,-0.138913947328031,0.350123444738135,0.17969010461477
"673",0.473925403633722,1.87008732042005,2.20459601191359,-3.72402267992378
"674",1.87228257001424,0.452008127124865,-1.4981873890014,-0.941630401838209
"675",1.14208876847349,1.68145974159287,-1.98606070402225,2.33373210651908
"676",-1.24778679924508,0.859369009620737,1.48555518708089,1.68383991221621
"677",0.899126828740065,2.15327326801993,0.0611233298554776,2.40145771688303
"678",0.401354634571712,3.36845764063373,-2.66564980526586,2.74621708704866
"679",-1.32096520561682,1.53388267061128,-1.32656127428697,0.825468627756182
"680",-0.165909275823866,1.17640995399015,-0.589650159428078,-0.260277754045227
"681",-0.231288293464973,1.19552423451871,-2.18016394374636,1.72285905409419
"682",-0.769150055323017,1.2433937087432,-0.929347879010854,-1.34793738198992
"683",1.73851621816876,1.05163198212096,-1.61705557648326,1.17932770816751
"684",-2.96289680516059,0.941063803360744,0.890755048978214,1.94066463024076
"685",-1.19454350860912,0.702645624168016,-0.829065233299005,1.417521698735
"686",0.534339185877717,0.495621539587561,0.837004452150543,1.48136203702705
"687",0.677145773374944,1.36942572688419,1.06260747583869,-0.893536449920786
"688",0.454470119501577,0.597366599638598,3.18488365954842,1.14344343838151
"689",-0.850968743554389,1.6033531672732,1.97798322999696,0.752188019545444
"690",1.50527505040243,1.45155413778466,-0.87700591791835,-0.841653553947475
"691",0.684188454385312,1.02789335669681,2.85245630131822,-1.42796435433625
"692",-0.523042614369234,1.12560613679615,-2.25649220402424,-2.16988670708663
"693",1.07591356385633,1.32027946430054,-0.202443198244508,-0.00259154443702259
"694",1.45426282597043,0.395855160711328,2.43714992163408,-3.64060549606383
"695",0.787031012106489,0.403916461175919,-0.184493672375017,0.991269835541447
"696",-1.28215441031009,1.42752083862568,-1.18238656929261,-3.44747050745496
"697",0.967208677472488,0.515562119524147,-2.61281132124341,-0.644067987736709
"698",0.112402547932179,2.73189984886302,1.51437723541013,-5.70329265573804
"699",2.31108458619901,0.644695237041964,3.28248828755349,0.377356764367887
"700",-0.397953962735931,1.37356760822085,-0.192798941342804,-0.600583455098062
"701",1.57736902486393,0.314261870990245,0.0488940248447041,0.564013547589478
"702",0.375235957837875,1.34582799588224,2.36782031862747,-1.22831421391707
"703",0.477077795129373,-1.41325201721146,-1.27490898615349,-0.96309820018396
"704",1.63828284558213,1.25613826347456,-1.4483438768306,1.63457128546107
"705",-0.453358527557703,0.00227389741014894,2.84817605803208,-0.912366259311138
"706",0.142033762254657,-0.159285636911798,0.871279591846719,-7.83209469697444
"707",-0.969765390928251,0.55380959449257,-0.765771067819631,0.621165322793576
"708",-1.1628220359648,1.14784899968483,2.386446887976,-3.93368338399714
"709",-1.6157719354285,1.59648614865588,-1.71463738738329,2.33571331524926
"710",0.108011732648982,1.43268760732582,2.91583446229243,-0.147121593103151
"711",-1.31650822545527,1.71637546904312,-2.1717944306795,-3.36825053002376
"712",1.26803264299376,0.846835113974775,-1.54317674306033,-0.688521500865882
"713",0.246313119310983,0.926169628666302,-2.08516482590505,2.16044040752852
"714",0.286268940308182,2.12964874031917,4.08267818713907,-4.23405094441864
"715",-0.420384812804727,2.67624357444138,6.18320212916752,-1.42530098884779
"716",1.42278529003412,-0.0238812812700662,-2.52810988975996,-0.13726538449227
"717",-2.00598813264485,2.35398346024535,-2.07893173156738,0.776473519023263
"718",-1.40373864056665,-0.207577481349597,0.147370683582212,-1.76910761508889
"719",1.06382027795406,1.82056099881095,2.18318246793333,0.901599068391726
"720",0.0333007961313348,0.457480284509923,-0.0661922273837037,2.49397370064394
"721",-0.370757786960257,-0.976264792507077,-0.213310345002256,-1.68084277906137
"722",1.93479922395153,0.855823745644022,-1.03372611377373,3.30850242469911
"723",0.118759258836344,-0.277938248697997,-1.90092421054853,-2.88755566136715
"724",0.519805105256136,0.615990994784948,0.18912680262743,-1.12073056563065
"725",0.412137072022245,0.803828234225792,-2.45160757007488,2.26274388141481
"726",-0.777625483218672,-0.0503610168090989,0.0383986256034554,0.148809051533365
"727",-0.72723117716385,0.634159674715289,-2.22418569804556,2.04978797892341
"728",-0.693920251878993,2.32112621201359,1.22203840646345,1.28275855039777
"729",-0.599442164032843,2.44021955410562,-2.18650404572677,0.562843851977767
"730",-0.670818253633247,0.467880692661228,-2.12285922921334,-1.44654996190665
"731",-0.713066821423108,0.829296489168115,2.37251853538808,-2.33759671544067
"732",-0.357060416179244,0.347048033308853,4.38010947912838,-2.90104986292153
"733",0.288692092143589,-0.551951477148233,3.65732009909075,-0.227824264835575
"734",-1.37686813005413,-0.26502192205274,7.14582415553267,-1.22216436210717
"735",-0.912045903324933,0.404722651240179,-2.78112618405977,-1.52424368416835
"736",0.933534434040185,-0.141855925350184,-0.834979741770854,2.08290711987646
"737",1.48308673383106,1.52125998098816,-1.34857192095917,0.743307222076148
"738",0.488830069126828,0.638409785586188,0.991319816675565,-5.12371614789721
"739",0.714744041022239,1.84126470174747,-1.0455546699939,-1.83414707489751
"740",-0.44045983248666,0.360427016493928,4.11435968075618,2.04039046543461
"741",1.57609394684061,-0.0245945160347623,1.59284661439386,1.12215769875265
"742",-1.0822909096144,0.0923235381062266,3.45636216725152,-1.73169870801108
"743",-1.03771146795914,1.48820137755526,-1.31001549317355,0.0887893687802419
"744",-1.32944433849004,2.90002372315555,-1.24247201274974,-2.74483806267335
"745",0.788716007804592,2.85995802086249,2.26530964320078,-3.99383600909709
"746",-0.299746093702249,0.783006294844698,2.96474033261096,1.10676977062795
"747",-1.16302050483387,0.721739090837612,-2.85932746681707,-5.73377082917058
"748",2.92215790747483,1.41282943758601,-0.721657676806592,2.08582132367543
"749",-0.253094176996419,0.137367636365879,0.007524547757358,-2.12033710897949
"750",-0.380723355891782,0.232554869068477,-1.310970210399,0.441492683754367
"751",0.810196520403587,0.255313482540948,1.17633317103571,-1.57361309016152
"752",2.01108162182105,0.352990806384784,2.30796607036271,-0.470825598569189
"753",-0.152749841549004,0.90056681904456,-1.9432329555999,-0.917934374658703
"754",0.94423029502397,-0.0379013870860252,-0.66291083990855,1.27843346718758
"755",0.764522344133183,1.36077271627309,0.671634910496669,1.47265969515817
"756",-1.04061436449535,1.57102304558191,0.652848193081954,0.755277006578176
"757",-0.0662324656724892,1.97018007822279,-2.45968206202521,0.225477362428116
"758",1.87551308762627,0.453927828840514,-0.27638387368248,2.34189031355311
"759",1.63468912432332,1.10769678716221,-2.90450425437829,-2.70430658272636
"760",0.944914989221151,0.731521307733955,1.56013255605605,0.249403700366636
"761",0.403430161155285,1.13500886897349,2.97636174125416,0.188027493568556
"762",-0.294573592354073,0.857063983350188,2.08246334121609,-1.82142180518658
"763",-0.618982688230021,1.2954014760801,0.547272074509322,1.27018973692299
"764",-0.589932128751951,1.17985470411459,1.56445775077249,0.73879550716112
"765",1.9007410697599,0.55592980315044,-2.18734843216555,1.8764612782149
"766",-1.10874226933611,-0.217428619527125,3.80687785869948,1.23511723566826
"767",0.617084024693795,2.62517268712165,1.02272075914467,-2.00866966632439
"768",0.0263186053927291,2.15768726336006,2.64274878028865,-0.896237855079072
"769",-0.584099024182878,1.4876170650443,-0.714637936288755,3.10413161687956
"770",-0.648530527031663,-0.3253159609943,0.199737830439609,1.4689224887691
"771",-0.236731467309993,0.242755437708186,-1.80303106820993,0.0742255959305662
"772",0.0233334183052879,2.40740151746186,-3.5146670898358,-0.0252754873694336
"773",1.69931472257794,2.56213212524936,-2.8155744259563,1.44243753222051
"774",-1.77723740618095,0.736199369451716,-1.24200184020178,-1.22859273061246
"775",-1.80425822586391,2.04171290902417,0.360925579682547,-1.19761296336328
"776",-0.754980808010199,0.120593849118501,0.740918100910739,1.49428085223435
"777",-1.01707632170215,-0.172991640747088,-1.89482598283788,-0.00311413618403145
"778",0.287331414148044,1.67675059231312,0.00566666150202466,1.78926807454088
"779",0.362184219507725,1.77948041630893,-2.28756769985869,3.51344710531889
"780",-0.995111890210767,0.275072865516129,10.1184994689566,0.170143138704394
"781",-2.23114396717916,-0.476312497288381,-0.349289313670505,-1.23773178730621
"782",0.648815655972094,1.17361814862449,-2.76532205887113,-2.54033635665954
"783",-0.564963584893362,0.586586329102986,0.796731379234565,-2.78027063306436
"784",-0.0927069322939904,0.316414269973125,1.69721143773927,-1.16624547908028
"785",0.591828042513798,-0.874274290584637,4.0782786548685,0.555203495198571
"786",-2.67730133158776,2.12390615328826,-1.66512330673854,1.06452568247542
"787",2.6333496706428,0.300886837425099,3.24076249449821,1.73113955468159
"788",0.807297537538723,1.64298513158183,0.629123025472409,-1.75184793817171
"789",1.20444346462484,3.63868386254146,-0.307567496020467,0.562951260460376
"790",-0.981538113660161,2.37391761898292,0.428156155498672,0.965116838529768
"791",0.778773058565474,0.183520844954156,-0.34870071365762,-0.376597493066936
"792",0.549714560021486,0.274709209610286,3.56889356048927,0.0216347441370759
"793",1.64717046075646,-0.036293002905107,0.350442372247722,2.46946714032459
"794",-0.961414998391662,2.60998529369517,1.35844159504043,2.15940654751756
"795",2.57977004133028,-0.0611322257695155,-2.65121126399281,1.26364616560226
"796",-1.14239668504358,0.161376643710797,-1.0361346687366,-6.66229106638708
"797",-0.358962828124968,0.228013807891017,2.78786663515351,-1.60639026386378
"798",-1.85951544130834,1.23663675805486,-2.19279297596492,0.660721987077421
"799",1.72249113041019,1.01215544598511,-2.48762102518497,-0.019983847905402
"800",0.202546693179936,-0.0478081577755456,-2.72369417327021,1.42844651481751
"801",0.808619964580023,1.89794886365096,16.8602411326735,-4.56369071827118
"802",-0.0918789272723518,1.13613856430262,-2.24936402434498,0.504948478807796
"803",-1.04218034056106,0.380145730724119,-2.0426785681285,1.12333054223965
"804",0.699530688617503,-1.04436067953525,-0.874830757653764,-1.14663102126249
"805",0.523590488272849,0.39262361406827,-0.861405309873541,1.61699291631295
"806",-1.3506987995121,2.03087171345013,3.58041618788317,2.78055856747231
"807",-0.367826281340472,0.96269805211615,1.63220086886871,-0.168700779476767
"808",0.37192514943121,0.687828473999374,3.15036622230843,0.155139107234364
"809",-1.69568696770178,0.24229200096211,-0.492520709747063,-2.66689777083417
"810",-2.07452701949553,0.0697439314499267,4.42083372456526,1.43463618660739
"811",0.334929437397454,1.57814719292305,-1.65769003475882,-7.88311929552819
"812",-0.627030035695252,0.741111000277235,-2.56414093747864,-1.74539055820471
"813",1.0002329103899,1.46739638508119,0.814160118258136,-1.06039547048532
"814",-0.0676806581539256,2.1914435428634,0.284248889541775,-4.79406311026586
"815",-0.306545067480902,2.19872230299767,-1.0668000798984,2.31750503790463
"816",0.442903349541085,0.955172542784832,-0.83453113285028,0.594026566277306
"817",1.03664502419281,0.692996984870169,-2.3680063986715,-1.36586351422267
"818",-0.590972184649963,1.59736926650674,-2.43286680633848,-2.94341641037932
"819",1.06895172101021,2.35434879699171,1.51710852276196,3.93713206445017
"820",-0.28756123654207,0.0494838177777241,-2.08218650050468,0.720894854746709
"821",1.10865857216408,1.82086223188331,6.26499476326109,-0.0266099836950711
"822",-1.19338999887717,0.4574636465368,0.764426000834496,1.49383538327788
"823",2.15797402255461,0.426454745520346,0.112237625864159,2.75746324054938
"824",0.506964648523367,-0.700134094649242,-2.80487214585179,0.391528234177385
"825",-0.386874350115177,0.141355653512494,5.14224596235375,3.53313758117366
"826",0.121121984341616,1.79560269105044,3.76829563955152,1.83373074585661
"827",1.86352484854409,1.14021733607221,-3.16987233683307,2.02558773477358
"828",-0.186343609947267,-0.890083548186716,-0.884922075227432,0.247046985336635
"829",-0.895101830376908,1.12910654975495,0.3695721684924,0.240698639634923
"830",-0.387750076810842,0.850018945685671,-0.869166527266764,-2.45417677000174
"831",-0.98274112188911,1.13727339722984,-2.60462647667213,1.9368012207807
"832",0.0791034333182032,0.578545418114421,2.04319071723417,0.0809106928017644
"833",-1.48854482160318,1.49906213349546,-1.36538921554155,0.98625065788175
"834",2.03428423262458,-0.0153235836221368,-3.26994501988014,-1.11393031546143
"835",1.41244314876533,1.07862067314586,0.311328609571813,2.0160914422538
"836",-0.422056945566398,0.960972358613708,1.59129397068135,-3.73173696641011
"837",0.133077047578593,-0.10844573094086,0.648305094217773,-3.68502256272691
"838",-0.9096167310433,1.28149105528598,5.02720881572494,-1.21359050869645
"839",-0.274283449018533,0.186082330336996,0.865631070085285,1.83682656179934
"840",-1.99370879536504,2.21792496288763,-1.59876246180599,-0.562590928073186
"841",0.386970933935191,-0.264893084997067,0.0587723673654204,-3.13191250126772
"842",-0.109867390802119,1.80219138468456,-0.96105523406248,2.99793197386266
"843",-1.1401664414563,0.304474273220515,2.99810425675162,0.258951336285268
"844",0.524856752818188,-0.264580954820015,-0.26320262762052,-2.15640596497322
"845",0.453518833456081,1.57059900371073,-1.96677770770802,0.665606652340587
"846",0.221563809923921,-0.721385076479293,-1.04184021008793,-2.17855954935109
"847",1.27348292168095,0.857511520627269,-0.241439101783226,1.5860183357495
"848",0.0722627354039527,1.99674110435393,1.66422358442783,2.86512165582278
"849",-0.492619412881662,1.60848626851687,0.420429208668517,0.47115658636867
"850",0.565536181850558,1.58337766523337,-3.28269020103559,0.0152908743622413
"851",1.2771662295239,0.531236991590953,-3.24663247516498,-1.27775143832817
"852",1.80054117648642,0.565578968505677,0.137102291378923,-2.64514670704861
"853",-2.1936880712172,-0.150720764383503,5.27317302286908,-3.6471276004025
"854",-1.85510282708392,1.65401271106698,1.52860963683679,2.23647014245718
"855",1.69161129203118,2.27370614427146,1.19609888431322,-0.327737109567267
"856",-1.975251856901,3.00123078703809,-0.377631107483888,1.26880147198603
"857",0.435918486374111,0.281170207944679,-1.45162311032078,-1.89533336179511
"858",0.19042030087761,1.28890913783112,0.961569019937607,-6.28777873415996
"859",1.3240931865264,2.06469372634785,-0.92213126299814,2.33675109623587
"860",-0.680474922240587,0.992375025645254,-0.666998717494964,0.808443752745415
"861",-0.314712893154704,0.193177340412827,-1.57612795068203,1.61386768114251
"862",0.130567821953849,2.66271862520243,-1.32955374853357,-5.10358823364185
"863",-0.136448786854479,1.73906157675154,1.48337962021755,1.06919287655002
"864",1.23818871359826,1.32664457922652,-1.43757352920395,-8.36394121169899
"865",-0.812847139673976,2.12713283157136,1.491496149578,2.30940934449425
"866",0.297140567123226,0.796306131669667,0.992325559463712,1.96344649869896
"867",-0.425281227431434,-0.0206786276873288,2.49182372162988,-0.706876687632582
"868",-0.128412672622314,2.54965838305154,-0.87210231042884,-3.4226335823105
"869",0.401894918928249,2.11779317595815,0.734223206263758,3.26012984435471
"870",0.985381826900692,0.805625322722577,1.42351580589971,-2.78657954859125
"871",1.45068081102569,2.27782465304059,-0.107808171015851,1.14081196355038
"872",1.61091082270848,1.98197705341447,0.323766925175895,-1.54452361819692
"873",-1.06063707086581,1.22121066748989,-1.30568267164831,2.21983401562907
"874",0.309342082518544,0.562077721987889,-1.95405147825332,0.331133606379173
"875",-0.126659375589324,1.64316302159786,-0.87320055438222,1.22970436806586
"876",-0.415319623708845,0.246945457711774,0.794933402812458,0.691988804978278
"877",-1.06618855450445,0.247303637453583,-2.55130723873685,0.00478985725159009
"878",0.815611899480287,1.51072791050434,2.10516091844003,0.0980085610755059
"879",0.160357298738262,1.00828635317184,0.534762158818676,-1.68565380465619
"880",-0.179778829959753,0.69745282972419,-0.556225003818372,-2.51840329416675
"881",-1.09561200833078,1.28438263598697,3.87012656336209,2.61520243083985
"882",-0.0767446794456056,-0.0842869487304956,-2.88474548983726,-1.3389993201499
"883",0.282535069659917,2.09492983392009,0.0858730622550754,2.94435499403717
"884",-2.11830466018161,0.522400149087855,-1.68895905141006,-0.188515423378435
"885",-0.549258162595239,1.99624669179688,-1.74574113836561,-0.804024346284191
"886",0.12319926441859,3.12472149330087,1.80181823878303,2.36387333946148
"887",-1.10771120054354,1.25627440025799,0.982266031191466,3.31581045083123
"888",0.225214262149229,2.36936034342848,-1.54364188419355,-1.05112317836772
"889",-2.00158858389591,-0.58357523933864,0.754415429825659,0.828177654698864
"890",-1.37310615900336,1.59665199184884,-1.79206058801151,-3.70296332782002
"891",1.08406546650889,1.90671439487182,4.51751339950979,-0.451730303519277
"892",-0.434063361154723,1.40142719800018,-2.5193723250787,2.60648863541425
"893",-0.564458311344057,-0.706635846308039,0.560112500886683,-1.11469407174848
"894",-0.37502839887042,1.50746139808513,-1.43793706048847,-1.81678565280503
"895",-0.530415033490852,1.43513040985397,-0.357887655671655,1.98283846574507
"896",0.587309493504537,2.31988948523603,-0.650765569349644,1.22379816894238
"897",-0.655869359696543,1.65921271404781,-0.14866935285686,-0.306735549436234
"898",-0.0954062193320805,-0.0749656861000776,2.18566613603191,1.78517500104781
"899",-2.62514948362445,1.0764323634397,-1.94237873628077,-1.7183656434608
"900",-0.702580961345267,2.05933554986166,3.22043217404669,2.09638887126636
"901",0.882901567087303,0.00825912314892818,1.82423574811538,-1.98840020109963
"902",0.563382570947993,-0.679349590832259,-1.98330372267418,-2.16803852545558
"903",1.04914607410832,0.654620548525261,-1.69052101187957,-6.36097108428741
"904",0.319816206295362,0.872737119565374,3.790835230835,2.03273017169314
"905",-1.10588393932766,0.907491664646073,-2.63220022887589,0.476511416523588
"906",-0.771082810917418,1.3574287714532,0.319372991563414,-1.91541547670886
"907",0.477926641839394,-0.159846324556585,-0.827214226753517,2.4064844918792
"908",-0.324648672527623,-0.227447221824284,-0.63503302211617,1.52387605126373
"909",0.587706642132226,3.70465123219267,-3.11926499177347,2.14237725087182
"910",-1.52567871221989,0.968933569648602,-1.41079453542756,2.27489284491394
"911",1.20729907751066,0.65961490315083,0.0817194724913339,1.26534224400739
"912",-0.423344612227706,1.30999891436332,0.31435069067022,0.78224705344712
"913",0.793387304281752,3.40274834066711,4.1658184244155,2.35416489658202
"914",0.111503215910738,0.808804841315695,1.45380979780539,1.36458603734648
"915",0.52212832021358,0.000957606883537632,-2.87122008897552,-0.865698409078101
"916",-0.482617768516323,0.0124674758776424,-2.14330371536755,-2.29163824690831
"917",-0.121181243650014,1.61872274709146,0.938218626331236,0.450306433845472
"918",0.232694059728275,1.12292183996248,-3.3626576363881,-3.89256866522795
"919",2.20832114742569,1.12094837584553,1.54971240721339,1.21444409035121
"920",-0.120920327407467,1.29854129434921,-1.18251701862237,-0.641238848532175
"921",-0.270885611772978,3.6270796263198,2.05266437970545,0.575203363305431
"922",1.5253500222089,1.59565100192247,1.50219325938415,-4.39797771242167
"923",-0.274891739199379,3.20207797799361,0.689728836237767,1.06553655647232
"924",1.54804989804828,-1.2472288484753,-3.20237914882394,-1.15341703892938
"925",1.0942147564366,1.29082634224517,2.27152331480472,-1.02797560440432
"926",0.965660874229583,1.25993148535389,0.269049124226561,0.0672075853546186
"927",-1.4429890696673,0.187319738012209,-2.43237492688215,2.080636804333
"928",0.734776096197114,-1.36427914202525,3.72827704887411,-0.496025621362889
"929",0.245599062492586,3.0132988977728,-2.62733897014274,3.03658148207219
"930",1.02325814427361,-0.233436282274486,6.51336862410294,1.23765926322621
"931",-0.901005943619555,-0.0310839549873061,-1.83760392664948,1.15751728367469
"932",-0.559733861156072,0.962271364384414,-2.99212104434319,0.461997758393207
"933",0.361160377981925,1.19886908724425,-0.524959048316504,-0.0655686905039172
"934",1.59552600546654,-0.605174626738974,1.40559831817782,1.55584354587415
"935",-0.834086424138107,1.10207372436087,-2.11700230766206,0.538495524588205
"936",-0.946144827148634,1.99808232482885,0.448160783776274,-0.925382923955264
"937",0.461704515493489,0.836643206345666,-1.5341607355554,-0.302464145447688
"938",1.53294418669473,1.99142160849328,-0.518465686647447,-1.47993357122746
"939",0.687994190412889,0.436837717512329,-2.15698740960745,1.57950282086608
"940",-0.922522019870126,1.05037757922965,7.96716178124585,-1.95354255929766
"941",-0.216107362056717,-0.761331519836341,-2.09819357689579,-0.717261334191744
"942",1.1060460784357,1.11362571006091,1.92034388974341,-0.88569980168702
"943",-2.04633998646304,0.160347763875028,-1.77123213598883,-0.350068779213533
"944",-2.47843536215005,2.66387159081533,-0.454188362498533,1.09980844417889
"945",-0.943594543313052,0.792989758979928,3.00005218064639,-0.628709425213226
"946",0.203834121272744,-1.23131705261545,0.240911759063704,0.998664432563249
"947",0.689346904899325,3.9095897338795,-0.528590888277,-0.0433989247179352
"948",-0.826991494286609,2.064975877759,-2.07803401796721,0.754489628669257
"949",-0.34997407105893,0.135238027781351,0.626848226949401,1.79565102371606
"950",0.925283241886683,1.31385138155957,3.53607007320378,-0.20120536873032
"951",0.993243731602271,1.34792788648579,-1.92781613533168,-0.736059484902003
"952",0.602774440726576,1.62095062268516,2.93681490790167,0.113702128083612
"953",0.851313804443149,-0.814073478937948,5.72549117919436,-1.78052795242431
"954",-0.0839943185676058,0.629300693509402,1.68709996303732,-1.22181404406988
"955",1.01247648045418,1.82782535733656,-2.47342550374134,-1.05584400262521
"956",2.73268395860934,2.70411806218378,-0.657189269070685,1.4118079048731
"957",-0.0403947520867019,0.879711639237227,4.36379063765446,1.43627950590143
"958",0.943789341055672,-0.694837642697847,3.74301882076107,0.381666056180455
"959",0.67670946070588,0.898936028811922,1.20380719158326,0.153572541487256
"960",-1.51970096134614,0.399466542039582,1.86820814430673,-4.39331473953908
"961",-0.705472636267147,2.0221065901148,5.57528924202478,-4.56715524431603
"962",0.409955583992848,1.59326732067915,-0.496958902838933,-0.674172558621713
"963",0.387223708000847,0.797848502791651,1.21442086929489,-0.2601180554323
"964",-0.225784414970245,1.64158570715322,2.19243611434152,-0.382414098042595
"965",0.410018808266566,1.11952442909997,-2.7453723731094,2.2090135528328
"966",-0.198627862977141,3.19598747693322,-1.35519935260932,-1.28203963850318
"967",0.764242245552925,0.305606122357637,0.810834717037823,-1.16015899743073
"968",0.374886227283326,1.37603451275201,-3.08909081045366,2.65011488347426
"969",0.0135092065237203,1.69825199488597,0.347251679904733,0.237548363018124
"970",-0.711815051409941,1.91960148732576,-0.371824891873246,-6.67799110077729
"971",-1.55721358713749,1.75523887027499,-3.73618205301869,-0.386058199315172
"972",1.70811740107929,0.582253064390042,-0.138813934577671,-7.43865877586802
"973",0.310056728702038,1.85786062012628,3.43728014712014,-1.30188130821519
"974",-0.502933490708077,1.62039921835297,4.00377428061024,1.13568767304737
"975",-0.138214074091003,0.388598183792472,-0.759851897649545,0.438090499045864
"976",-0.0241246328311674,1.83134697919167,7.92852144260163,-0.922312462180601
"977",0.481705434069365,0.600081301384652,-0.892103290556035,0.622079968685384
"978",-0.345195157406016,0.974083496841279,-1.63458736517294,1.98636171484391
"979",-0.678788871036652,2.59240421778911,-0.426104364424605,1.87504261359238
"980",1.03048162011866,1.37868241033213,-1.04854968633438,1.15038709397701
"981",-0.305221284179571,0.603449573155308,-2.54393588767698,-1.50055139657592
"982",-1.94434992641674,1.81333795138614,1.85783898618975,2.64794113670155
"983",0.617474945236149,1.38858231743895,-3.25690293132763,-2.09777821469838
"984",0.139475910683083,2.36983463476459,1.39971885796174,-1.25922106873192
"985",0.750536566610215,1.93203830746046,0.675552936442873,1.9671229604743
"986",-0.79090274235161,-0.837832121548263,5.2683130783517,-1.30653766739405
"987",1.04951198410446,-0.598258466174411,7.2113255967971,1.82721967103712
"988",-1.13429528699957,-0.0831470475618135,5.81248658279687,-3.69573548109458
"989",-0.937257213252587,0.467647464494916,-1.52820947996202,0.449500925461216
"990",0.523712736305328,1.34848207450143,-0.463346485568738,-0.703552279488411
"991",0.419839229402524,0.39421507774745,2.69657383567281,-2.69157343554768
"992",-0.398113890864701,1.02241828786963,3.69884261765884,1.28821959734197
"993",0.189758441312687,2.55655550571015,3.53158978008,-2.66204442208967
"994",-0.3195557641631,1.91864043466157,0.184137478569805,0.622360758796615
"995",-1.0624951960159,1.59375130790928,-2.08696717772165,0.762401089162585
"996",2.20688417144823,0.584480883318386,1.1690175784006,1.61690103613796
"997",-0.462511344632047,0.0347488077551568,4.59759636161255,-2.01680163838365
"998",300,0.7,-2.70108901111617,0.527464872671313
"999",-400,0.8,-1.93360416550833,0.851513558802639
"1000",500,0.9,4.81018247966857,-0.556403179491339
